ID;Sex;DR;Use;RecDate;BirthDate;Ht;Race;Edu;SexID;date1;date2;age
ABC0;M;6;TRN;03/03/86;06/17/60;5'11";WHT;BS;MABC0;03/03/1986;17/06/1960;25,7111111111111
ABW0;M;2;TST;04/21/86;05/26/59;5'9";WHT;BS;MABW0;21/04/1986;26/05/1959;26,9027777777778
ADC0;M;3;TRN;02/25/86;04/27/54;5'9";WHT;HS;MADC0;25/02/1986;27/04/1954;31,8277777777778
ADD0;M;7;TRN;01/28/86;03/23/58;6'2";WHT;BS;MADD0;28/01/1986;23/03/1958;27,8472222222222
ADG0;F;4;TST;02/12/86;04/11/59;5'4";WHT;MS;FADG0;12/02/1986;11/04/1959;26,8361111111111
AEB0;M;4;TRN;04/10/86;09/20/37;5'11";WHT;HS;MAEB0;10/04/1986;20/09/1937;48,5555555555556
AEM0;F;2;TRN;02/27/86;05/13/60;5'3";WHT;BS;FAEM0;27/02/1986;13/05/1960;25,7888888888889
AEO0;M;7;TRN;02/20/86;07/19/55;5'11";WHT;BS;MAEO0;20/02/1986;19/07/1955;30,5861111111111
AFM0;M;7;TRN;03/31/86;12/22/52;5'08";WHT;BS;MAFM0;31/03/1986;22/12/1952;33,275
AHH0;M;5;TST;02/14/86;02/22/53;5'10";BLK;BS;MAHH0;14/02/1986;22/02/1953;32,9777777777778
AJC0;M;8;TST;03/11/86;12/25/58;6'00";WHT;BS;MAJC0;11/03/1986;25/12/1958;27,2111111111111
AJP0;M;6;TRN;05/06/86;08/23/63;5'11";WHT;BS;MAJP0;06/05/1986;23/08/1963;22,7027777777778
AJW0;F;2;TRN;02/11/86;03/31/58;5'8";WHT;HS;FAJW0;11/02/1986;31/03/1958;27,8638888888889
AKB0;M;3;TRN;04/16/86;09/18/51;6'0";WHT;MS;MAKB0;16/04/1986;18/09/1951;34,5777777777778
AKR0;M;3;TRN;02/24/86;04/09/63;6'0";WHT;MS;MAKR0;24/02/1986;09/04/1963;22,875
AKS0;F;1;TST;04/01/86;12/05/57;5'04";WHT;PHD;FAKS0;01/04/1986;05/12/1957;28,3222222222222
ALK0;F;3;TRN;01/28/86;07/23/38;5'6";WHT;HS;FALK0;28/01/1986;23/07/1938;47,5138888888889
ALR0;F;4;TRN;02/20/86;06/05/62;5'4";WHT;BS;FALR0;20/02/1986;05/06/1962;23,7083333333333
APB0;F;6;TRN;04/30/86;09/18/45;5'5";WHT;HS;FAPB0;30/04/1986;18/09/1945;40,6166666666667
APV0;M;3;TRN;02/13/86;03/26/48;5'10";WHT;MS;MAPV0;13/02/1986;26/03/1948;37,8805555555556
ARC0;M;2;TRN;01/30/86;12/03/57;5'9";WHT;MS;MARC0;30/01/1986;03/12/1957;28,1583333333333
ARW0;M;4;TRN;02/12/86;11/05/60;5'10";WHT;BS;MARW0;12/02/1986;05/11/1960;25,2694444444444
ASW0;F;5;TST;03/26/86;01/06/31;5'06";WHT;??;FASW0;26/03/1986;06/01/1931;55,2222222222222
AWF0;F;5;TST;04/14/86;12/19/58;5'7";WHT;BS;FAWF0;14/04/1986;19/12/1958;27,3194444444444
BAR0;M;7;TRN;02/19/86;07/18/62;6'1";WHT;BS;MBAR0;19/02/1986;18/07/1962;23,5861111111111
BAS0;F;4;TRN;02/26/86;09/04/33;5'5";WHT;BS;FBAS0;26/02/1986;04/09/1933;52,4777777777778
BBR0;M;7;TRN;04/29/86;08/18/57;5'8";WHT;BS;MBBR0;29/04/1986;18/08/1957;28,6972222222222
BCG0;M;8;TRN;04/02/86;08/11/59;5'8";WHT;BS;MBCG0;02/04/1986;11/08/1959;26,6416666666667
BCG1;F;8;TRN;04/09/86;02/23/59;4'9";???;BS;FBCG1;09/04/1986;23/02/1959;27,1277777777778
BCH0;F;6;TRN;04/02/86;07/08/59;5'06";WHT;BS;FBCH0;02/04/1986;08/07/1959;26,7333333333333
BDG0;M;3;TST;03/11/86;04/30/58;5'11";WHT;MS;MBDG0;11/03/1986;30/04/1958;27,8638888888889
BEF0;M;3;TRN;02/12/86;11/04/52;5'11";WHT;PHD;MBEF0;12/02/1986;04/11/1952;33,2722222222222
BGT0;M;5;TRN;02/21/86;03/22/58;5'10";WHT;BS;MBGT0;21/02/1986;22/03/1958;27,9138888888889
BJK0;M;2;TST;01/29/86;10/02/61;6'3";WHT;BS;MBJK0;29/01/1986;02/10/1961;24,325
BJL0;F;5;TRN;03/26/86;09/17/62;5'07";WHT;BS;FBJL0;26/03/1986;17/09/1962;23,525
BJV0;M;2;TRN;02/05/86;09/25/61;6'0";WHT;BS;MBJV0;05/02/1986;25/09/1961;24,3611111111111
BLV0;F;7;TRN;04/29/86;12/14/58;5'8";WHT;MS;FBLV0;29/04/1986;14/12/1958;27,375
BMA0;M;4;TRN;02/04/86;10/08/41;6'3";WHT;PHD;MBMA0;04/02/1986;08/10/1941;44,3222222222222
BMA1;M;6;TRN;04/02/86;08/16/54;6'02";WHT;BS;MBMA1;02/04/1986;16/08/1954;31,6277777777778
BMH0;F;5;TRN;01/23/86;02/26/46;5'6";WHT;HS;FBMH0;23/01/1986;26/02/1946;39,9083333333333
BMJ0;F;4;TRN;01/24/86;05/23/40;5'3";WHT;HS;FBMJ0;24/01/1986;23/05/1940;45,6694444444444
BML0;M;7;TRN;01/28/86;08/28/59;6'2";WHT;BS;MBML0;28/01/1986;28/08/1959;26,4166666666667
BNS0;M;4;TST;02/03/86;09/22/56;5'11";WHT;MS;MBNS0;03/02/1986;22/09/1956;29,3638888888889
BOM0;M;7;TRN;04/16/86;07/30/59;5'10";WHT;BS;MBOM0;16/04/1986;30/07/1959;26,7111111111111
BPM0;M;5;TST;04/01/86;08/21/60;5'09";WHT;MS;MBPM0;01/04/1986;21/08/1960;25,6111111111111
BSB0;M;8;TRN;02/24/86;12/17/62;5'11";WHT;??;MBSB0;24/02/1986;17/12/1962;23,1861111111111
BTH0;M;7;TRN;03/12/86;05/11/62;6'02";WHT;BS;MBTH0;12/03/1986;11/05/1962;23,8361111111111
BWM0;M;3;TST;02/17/86;12/20/54;6'2";WHT;HS;MBWM0;17/02/1986;20/12/1954;31,1583333333333
BWP0;M;4;TRN;02/21/86;04/28/47;6'0";WHT;BS;MBWP0;21/02/1986;28/04/1947;38,8138888888889
CAE0;M;6;TRN;03/07/86;05/28/57;6'00";BLK;HS;MCAE0;07/03/1986;28/05/1957;28,775
CAG0;F;4;TRN;03/18/86;03/10/62;5'11";WHT;MS;FCAG0;18/03/1986;10/03/1962;24,0222222222222
CAJ0;F;2;TRN;03/13/86;08/06/50;5'08";WHT;HS;FCAJ0;13/03/1986;06/08/1950;35,6027777777778
CAL0;M;3;TRN;01/23/86;06/23/59;6'3";WHT;BS;MCAL0;23/01/1986;23/06/1959;26,5833333333333
CAL1;F;5;TST;02/28/86;01/20/56;5'4";WHT;HS;FCAL1;28/02/1986;20/01/1956;30,1055555555556
CAU0;F;7;TST;04/21/86;03/08/63;5'10";WHT;MS;FCAU0;21/04/1986;08/03/1963;23,1194444444444
CCS0;M;2;TST;03/12/86;05/27/42;5'08";WHT;HS;MCCS0;12/03/1986;27/05/1942;43,7916666666667
CDC0;M;3;TRN;02/13/86;10/19/59;5'9";WHT;BS;MCDC0;13/02/1986;19/10/1959;26,3166666666667
CDD0;M;3;TRN;03/19/86;05/04/55;6'02";WHT;BS;MCDD0;19/03/1986;04/05/1955;30,875
CDR0;M;4;TRN;01/27/86;12/29/60;5'10";WHT;BS;MCDR0;27/01/1986;29/12/1960;25,0777777777778
CDR1;F;5;TRN;01/29/86;10/22/62;5'8";BLK;HS;FCDR1;29/01/1986;22/10/1962;23,2694444444444
CEF0;M;3;TRN;01/23/86;11/23/57;5'8";WHT;BS;MCEF0;23/01/1986;23/11/1957;28,1666666666667
CEG0;F;8;TRN;02/05/86;09/10/58;5'3";WHT;BS;FCEG0;05/02/1986;10/09/1958;27,4027777777778
CEM0;M;2;TST;02/27/86;09/09/57;5'9";BLK;??;MCEM0;27/02/1986;09/09/1957;28,4666666666667
CEW0;M;2;TRN;03/06/86;07/09/39;6'02";WHT;MS;MCEW0;06/03/1986;09/07/1939;46,6583333333333
CFT0;F;4;TST;01/29/86;03/10/63;5'3";WHT;HS;FCFT0;29/01/1986;10/03/1963;22,8861111111111
CHH0;M;7;TST;04/15/86;09/25/42;6'5";WHT;PHD;MCHH0;15/04/1986;25/09/1942;43,5555555555556
CHL0;M;5;TRN;02/24/86;12/11/60;6'3";WHT;HS;MCHL0;24/02/1986;11/12/1960;25,2027777777778
CJF0;F;1;TRN;04/18/86;08/31/62;5'4";WHT;BS;FCJF0;18/04/1986;31/08/1962;23,6333333333333
CJS0;F;7;TRN;04/09/86;07/10/44;5'9";WHT;MS;FCJS0;09/04/1986;10/07/1944;41,7472222222222
CKE0;F;3;TRN;01/21/86;03/26/60;5'8";WHT;BS;FCKE0;21/01/1986;26/03/1960;25,8194444444444
CLK0;M;7;TRN;04/18/86;08/12/64;5'10";WHT;HS;MCLK0;18/04/1986;12/08/1964;21,6833333333333
CLM0;M;5;TRN;03/10/86;11/28/45;6'03";WHT;BS;MCLM0;10/03/1986;28/11/1945;40,2833333333333
CLT0;F;8;TRN;03/05/86;10/16/46;5'0";WHT;AS;FCLT0;05/03/1986;16/10/1946;39,3861111111111
CMB0;M;5;TST;02/11/86;09/06/48;6'3";WHT;PHD;MCMB0;11/02/1986;06/09/1948;37,4305555555556
CMG0;F;3;TRN;02/05/86;04/01/60;5'6";WHT;BS;FCMG0;05/02/1986;01/04/1960;25,8444444444444
CMH0;F;3;TST;03/10/86;06/06/43;5'08";WHT;MS;FCMH0;10/03/1986;06/06/1943;42,7611111111111
CMH1;F;8;TST;03/14/86;05/01/62;5'06";WHT;BS;FCMH1;14/03/1986;01/05/1962;23,8694444444444
CMJ0;M;6;TST;01/16/86;02/06/58;5'7";WHT;MS;MCMJ0;16/01/1986;06/02/1958;27,9444444444444
CMM0;F;2;TRN;01/09/86;01/30/60;5'2";WHT;HS;FCMM0;09/01/1986;30/01/1960;25,9416666666667
CMR0;F;2;TST;01/21/86;04/06/51;5'3";WHT;MS;FCMR0;21/01/1986;06/04/1951;34,7916666666667
CPM0;M;1;TRN;01/30/86;02/18/62;5'6";WHT;BS;MCPM0;30/01/1986;18/02/1962;23,95
CRC0;M;5;TST;01/31/86;08/06/47;5'7";WHT;MS;MCRC0;31/01/1986;06/08/1947;38,4861111111111
CRE0;M;7;TRN;01/22/86;09/09/60;6'0";WHT;BS;MCRE0;22/01/1986;09/09/1960;25,3694444444444
CRH0;F;4;TST;01/17/86;02/24/58;5'4";BLK;HS;FCRH0;17/01/1986;24/02/1958;27,8972222222222
CRZ0;F;7;TRN;03/04/86;08/30/29;5'2";WHT;HS;FCRZ0;04/03/1986;30/08/1929;56,5111111111111
CSH0;M;3;TST;03/25/86;11/19/32;5'11";WHT;BS;MCSH0;25/03/1986;19/11/1932;53,35
CSS0;M;4;TRN;02/26/86;09/14/61;5'10";WHT;BS;MCSS0;26/02/1986;14/09/1961;24,45
CTH0;M;7;TRN;01/31/86;10/16/59;6'2";WHT;MS;MCTH0;31/01/1986;16/10/1959;26,2916666666667
CTM0;M;2;TRN;02/24/86;08/29/55;6'0";WHT;HS;MCTM0;24/02/1986;29/08/1955;30,4861111111111
CTT0;M;5;TST;03/26/86;05/24/62;5'11";WHT;BS;MCTT0;26/03/1986;24/05/1962;23,8388888888889
CTW0;M;3;TST;02/25/86;02/26/60;6'8";???;BS;MCTW0;25/02/1986;26/02/1960;25,9972222222222
CXM0;M;8;TRN;02/24/86;09/07/58;5'9";HIS;HS;MCXM0;24/02/1986;07/09/1958;27,4638888888889
CYL0;F;2;TRN;02/14/86;02/16/59;5'7";WHT;BS;FCYL0;14/02/1986;16/02/1959;26,9944444444444
DAB0;M;1;TST;04/21/86;12/15/62;5'11";WHT;BS;MDAB0;21/04/1986;15/12/1962;23,35
DAC0;M;1;TRN;02/11/86;11/29/60;5'10";WHT;BS;MDAC0;11/02/1986;29/11/1960;25,2
DAC1;F;1;TST;03/12/86;11/05/18;5'01";WHT;HS;FDAC1;12/03/1986;05/11/1918;67,3527777777778
DAC2;M;5;TST;04/14/86;04/06/61;5'10";WHT;BS;MDAC2;14/04/1986;06/04/1961;25,0222222222222
DAS0;M;5;TRN;02/11/86;07/12/61;6'1";WHT;BS;MDAS0;11/02/1986;12/07/1961;24,5805555555556
DAS1;F;2;TRN;03/11/86;12/30/59;5'09";WHT;MS;FDAS1;11/03/1986;30/12/1959;26,1972222222222
DAW0;F;1;TRN;02/28/86;07/18/60;5'4";WHT;HS;FDAW0;28/02/1986;18/07/1960;25,6111111111111
DAW1;M;8;TST;03/10/86;11/17/57;5'10";WHT;BS;MDAW1;10/03/1986;17/11/1957;28,3138888888889
DBB0;M;2;TST;01/30/86;10/02/33;5'10";WHT;MS;MDBB0;30/01/1986;02/10/1933;52,3277777777778
DBB1;M;3;TRN;04/15/86;02/27/62;5'11";WHT;BS;MDBB1;15/04/1986;27/02/1962;24,1333333333333
DBP0;M;2;TRN;01/27/86;01/25/62;5'9";WHT;BS;MDBP0;27/01/1986;25/01/1962;24,0055555555556
DCD0;M;4;TRN;03/03/86;11/20/33;5'11";WHT;HS;MDCD0;03/03/1986;20/11/1933;52,2861111111111
DCM0;M;7;TRN;03/13/86;11/24/59;5'11";WHT;MS;MDCM0;13/03/1986;24/11/1959;26,3027777777778
DDC0;M;3;TRN;03/03/86;07/16/53;5'7";WHT;MS;MDDC0;03/03/1986;16/07/1953;32,6305555555556
DED0;M;7;TRN;01/28/86;12/20/59;5'10";???;BS;MDED0;28/01/1986;20/12/1959;26,1055555555556
DEF0;M;3;TRN;03/31/86;01/29/52;5'09";WHT;BS;MDEF0;31/03/1986;29/01/1952;34,1722222222222
DEM0;M;2;TRN;02/05/86;09/11/61;6'0";WHT;BS;MDEM0;05/02/1986;11/09/1961;24,4
DFB0;F;3;TRN;02/19/86;11/01/61;5'6";???;BS;FDFB0;19/02/1986;01/11/1961;24,3
DHC0;F;7;TST;03/26/86;03/17/56;5'07";WHT;MS;FDHC0;26/03/1986;17/03/1956;30,025
DHL0;M;5;TRN;03/05/86;07/31/52;5'8";BLK;BS;MDHL0;05/03/1986;31/07/1952;33,5972222222222
DHS0;M;3;TRN;03/21/86;07/17/53;5'06";WHT;MS;MDHS0;21/03/1986;17/07/1953;32,6777777777778
DJH0;F;3;TRN;03/31/86;03/24/61;5'02";WHT;BS;FDJH0;31/03/1986;24/03/1961;25,0194444444444
DJM0;M;3;TRN;03/10/86;03/08/60;6'04";WHT;BS;MDJM0;10/03/1986;08/03/1960;26,0055555555556
DKN0;F;4;TRN;05/09/86;07/04/54;6'0";WHT;PHD;FDKN0;09/05/1986;04/07/1954;31,8472222222222
DKS0;M;7;TRN;05/02/86;03/25/57;6'5";WHT;BS;MDKS0;02/05/1986;25/03/1957;29,1027777777778
DLB0;M;2;TRN;02/17/86;05/17/51;5'8";WHT;AS;MDLB0;17/02/1986;17/05/1951;34,75
DLC0;M;3;TRN;02/27/86;04/28/42;5'8";WHT;??;MDLC0;27/02/1986;28/04/1942;43,8305555555556
DLC1;M;7;TRN;03/05/86;04/25/50;6'1";WHT;MS;MDLC1;05/03/1986;25/04/1950;35,8611111111111
DLC2;M;2;TRN;04/09/86;11/18/59;5'9";WHT;MS;MDLC2;09/04/1986;18/11/1959;26,3916666666667
DLD0;M;2;TST;03/25/86;07/23/61;5'10";WHT;MS;MDLD0;25/03/1986;23/07/1961;24,6722222222222
DLF0;M;7;TST;04/02/86;07/20/61;6'03";WHT;BS;MDLF0;02/04/1986;20/07/1961;24,7
DLH0;M;3;TRN;02/20/86;04/07/55;5'11";WHT;BS;MDLH0;20/02/1986;07/04/1955;30,8694444444444
DLM0;M;7;TRN;02/05/86;07/10/52;6'2";WHT;MS;MDLM0;05/02/1986;10/07/1952;33,5694444444444
DLR0;M;7;TRN;02/04/86;05/02/56;5'8";WHT;BS;MDLR0;04/02/1986;02/05/1956;29,7555555555556
DLR1;M;7;TRN;02/14/86;01/22/63;5'9";WHT;AS;MDLR1;14/02/1986;22/01/1963;23,0611111111111
DLS0;M;4;TST;04/14/86;06/26/59;5'9";WHT;MS;MDLS0;14/04/1986;26/06/1959;26,8
DMA0;M;4;TRN;03/04/86;04/22/58;5'9";WHT;MS;MDMA0;04/03/1986;22/04/1958;27,8666666666667
DML0;F;1;TRN;01/24/86;03/19/63;5'6";WHT;BS;FDML0;24/01/1986;19/03/1963;22,8472222222222
DMS0;F;4;TST;02/03/86;01/30/54;5'4";WHT;BS;FDMS0;03/02/1986;30/01/1954;32,0083333333333
DMT0;M;2;TRN;01/31/86;07/13/56;6'0";WHT;MS;MDMT0;31/01/1986;13/07/1956;29,55
DMY0;F;5;TRN;01/30/86;08/30/60;5'6";BLK;AS;FDMY0;30/01/1986;30/08/1960;25,4166666666667
DNC0;F;2;TRN;02/12/86;04/27/46;5'4";WHT;HS;FDNC0;12/02/1986;27/04/1946;39,7916666666667
DNS0;M;3;TRN;04/16/86;11/23/55;5'8";WHT;BS;MDNS0;16/04/1986;23/11/1955;30,3972222222222
DPB0;M;7;TRN;03/18/86;09/07/59;5'09";WHT;MS;MDPB0;18/03/1986;07/09/1959;26,5305555555556
DPK0;M;1;TRN;04/29/86;09/07/60;5'2";WHT;BS;MDPK0;29/04/1986;07/09/1960;25,6444444444444
DPS0;M;2;TRN;02/24/86;05/22/53;6'1";WHT;HS;MDPS0;24/02/1986;22/05/1953;32,7555555555556
DRB0;M;5;TST;01/29/86;08/23/59;6'0";BLK;BS;MDRB0;29/01/1986;23/08/1959;26,4333333333333
DRD0;M;6;TRN;02/26/86;06/11/61;6'5";WHT;HS;MDRD0;26/02/1986;11/06/1961;24,7083333333333
DRD1;F;2;TST;03/25/86;07/24/63;5'04";WHT;BS;FDRD1;25/03/1986;24/07/1963;22,6694444444444
DRM0;M;4;TST;04/16/86;10/26/55;6'0";WHT;MS;MDRM0;16/04/1986;26/10/1955;30,4722222222222
DRW0;F;6;TST;02/13/86;11/29/61;5'2";WHT;BS;FDRW0;13/02/1986;29/11/1961;24,2055555555556
DSC0;M;6;TST;04/21/86;12/27/43;5'7";WHT;PHD;MDSC0;21/04/1986;27/12/1943;42,3166666666667
DSJ0;M;5;TRN;03/11/86;07/19/52;6'02";WHT;MS;MDSJ0;11/03/1986;19/07/1952;33,6444444444444
DSS0;M;2;TRN;02/05/86;08/22/58;5'9";WHT;BS;MDSS0;05/02/1986;22/08/1958;27,4527777777778
DSS1;M;3;TRN;02/20/86;08/24/55;6'1";WHT;BS;MDSS1;20/02/1986;24/08/1955;30,4888888888889
DTB0;M;3;TRN;01/31/86;07/15/42;5'10";AMR;BS;MDTB0;31/01/1986;15/07/1942;43,5444444444444
DTD0;F;5;TRN;03/31/86;12/11/54;5'08";BLK;BS;FDTD0;31/03/1986;11/12/1954;31,3055555555556
DVC0;M;7;TST;03/31/86;02/11/55;5'11";WHT;PHD;MDVC0;31/03/1986;11/02/1955;31,1388888888889
DWA0;M;5;TST;03/06/86;09/18/59;5'11";WHT;BS;MDWA0;06/03/1986;18/09/1959;26,4666666666667
DWD0;M;2;TRN;02/11/86;07/03/62;5'10";WHT;BS;MDWD0;11/02/1986;03/07/1962;23,6055555555556
DWH0;M;5;TRN;02/14/86;02/12/62;6'2";WHT;BS;MDWH0;14/02/1986;12/02/1962;24,0055555555556
DWK0;M;5;TST;03/25/86;01/09/32;5'08";WHT;BS;MDWK0;25/03/1986;09/01/1932;54,2111111111111
DWM0;M;3;TRN;03/25/86;02/01/62;5'10";WHT;BS;MDWM0;25/03/1986;01/02/1962;24,15
DXW0;F;2;TRN;03/19/86;12/31/61;5'09";WHT;BS;FDXW0;19/03/1986;31/12/1961;24,2194444444444
EAC0;F;2;TRN;02/05/86;11/27/50;5'4";WHT;BS;FEAC0;05/02/1986;27/11/1950;35,1888888888889
EAL0;M;6;TRN;03/25/86;11/02/63;5'10";WHT;BS;MEAL0;25/03/1986;02/11/1963;22,3972222222222
EAR0;F;5;TRN;02/05/86;12/03/45;5'8";WHT;HS;FEAR0;05/02/1986;03/12/1945;40,1722222222222
ECD0;F;1;TRN;03/03/86;03/08/49;5'2";WHT;BS;FECD0;03/03/1986;08/03/1949;36,9861111111111
EDR0;M;1;TRN;02/25/86;11/01/60;5'6";???;BS;MEDR0;25/02/1986;01/11/1960;25,3166666666667
EDW0;F;4;TST;01/15/86;01/17/60;5'7";BLK;HS;FEDW0;15/01/1986;17/01/1960;25,9944444444444
EEH0;F;4;TRN;01/21/86;03/10/62;5'4";WHT;BS;FEEH0;21/01/1986;10/03/1962;23,8638888888889
EFG0;M;2;TRN;01/16/86;02/26/56;5'8";WHT;BS;MEFG0;16/01/1986;26/02/1956;29,8888888888889
EGJ0;M;5;TRN;02/20/86;05/11/54;6'4";WHT;??;MEGJ0;20/02/1986;11/05/1954;31,775
EJL0;M;6;TRN;04/02/86;08/01/57;5'9";WHT;MS;MEJL0;02/04/1986;01/08/1957;28,6694444444444
EJS0;M;8;TRN;02/05/86;03/28/50;5'11";WHT;MS;MEJS0;05/02/1986;28/03/1950;35,8527777777778
ELC0;F;1;TST;02/26/86;05/20/54;5'4";WHT;BS;FELC0;26/02/1986;20/05/1954;31,7666666666667
EME0;F;3;TRN;03/18/86;03/29/34;5'09";WHT;BS;FEME0;18/03/1986;29/03/1934;51,9694444444444
ERS0;M;7;TST;04/17/86;02/06/57;5'8";WHT;MS;MERS0;17/04/1986;06/02/1957;29,1972222222222
ESD0;M;6;TST;04/15/86;01/04/62;5'8";WHT;BS;MESD0;15/04/1986;04/01/1962;24,2805555555556
ESG0;M;4;TRN;02/20/86;05/24/63;6'0";WHT;??;MESG0;20/02/1986;24/05/1963;22,7388888888889
ESJ0;M;6;TRN;04/14/86;12/31/57;5'8";WHT;BS;MESJ0;14/04/1986;31/12/1957;28,2888888888889
ETB0;F;1;TRN;01/24/86;06/16/60;5'0";WHT;BS;FETB0;24/01/1986;16/06/1960;25,6055555555556
EWM0;M;5;TRN;02/24/86;11/29/63;5'8";WHT;HS;MEWM0;24/02/1986;29/11/1963;22,2361111111111
EXM0;F;5;TRN;01/20/86;12/03/54;5'4";BLK;MS;FEXM0;20/01/1986;03/12/1954;31,1305555555556
FER0;M;5;TRN;03/14/86;06/20/56;6'03";WHT;BS;MFER0;14/03/1986;20/06/1956;29,7333333333333
FGK0;M;5;TST;01/21/86;01/25/57;5'6";WHT;BS;MFGK0;21/01/1986;25/01/1957;28,9888888888889
FMC0;M;3;TRN;01/23/86;08/27/61;6'3";WHT;BS;MFMC0;23/01/1986;27/08/1961;24,4055555555556
FRM0;M;4;TRN;01/27/86;04/10/56;5'11";WHT;BS;MFRM0;27/01/1986;10/04/1956;29,7972222222222
FWK0;M;4;TRN;02/05/86;10/19/48;5'9";WHT;BS;MFWK0;05/02/1986;19/10/1948;37,2944444444444
FXS0;M;7;TRN;04/23/86;04/19/46;5'6";WHT;BS;MFXS0;23/04/1986;19/04/1946;40,0111111111111
FXV0;M;7;TRN;04/15/86;07/09/41;6'3";WHT;PHD;MFXV0;15/04/1986;09/07/1941;44,7666666666667
GAF0;M;3;TRN;02/12/86;12/11/48;5'11";WHT;MS;MGAF0;12/02/1986;11/12/1948;37,1694444444444
GAG0;M;4;TRN;02/19/86;10/06/62;6'0";WHT;AS;MGAG0;19/02/1986;06/10/1962;23,3694444444444
GAK0;M;7;TRN;04/21/86;09/20/50;6'2";WHT;MS;MGAK0;21/04/1986;20/09/1950;35,5861111111111
GAR0;M;7;TRN;01/31/86;11/28/61;5'10";WHT;BS;MGAR0;31/01/1986;28/11/1961;24,175
GAW0;M;7;TRN;01/28/86;11/11/60;5'11";WHT;BS;MGAW0;28/01/1986;11/11/1960;25,2138888888889
GCS0;F;3;TRN;03/13/86;07/14/62;5'03";WHT;BS;FGCS0;13/03/1986;14/07/1962;23,6638888888889
GDP0;F;5;TRN;04/10/86;12/16/58;4'10";BLK;BS;FGDP0;10/04/1986;16/12/1958;27,3166666666667
GES0;M;5;TRN;03/13/86;02/21/60;6'03";WHT;MS;MGES0;13/03/1986;21/02/1960;26,0611111111111
GJC0;M;4;TRN;02/20/86;07/29/62;5'9";WHT;??;MGJC0;20/02/1986;29/07/1962;23,5583333333333
GJD0;F;4;TST;01/29/86;12/10/60;5'6";WHT;HS;FGJD0;29/01/1986;10/12/1960;25,1361111111111
GJF0;M;3;TST;02/11/86;08/16/50;5'11";WHT;MS;MGJF0;11/02/1986;16/08/1950;35,4861111111111
GLB0;M;3;TST;03/24/86;04/22/49;5'11";WHT;MS;MGLB0;24/03/1986;22/04/1949;36,9222222222222
GMB0;F;5;TRN;01/24/86;07/10/58;5'8";WHT;MS;FGMB0;24/01/1986;10/07/1958;27,5388888888889
GMD0;F;5;TST;02/18/86;11/06/62;5'3";WHT;BS;FGMD0;18/02/1986;06/11/1962;23,2833333333333
GMM0;M;4;TST;01/23/86;08/19/62;5'10";WHT;BS;MGMM0;23/01/1986;19/08/1962;23,4277777777778
GRL0;M;1;TRN;03/18/86;02/20/48;6'01";WHT;BS;MGRL0;18/03/1986;20/02/1948;38,0777777777778
GRP0;M;4;TRN;02/18/86;02/20/29;6'1";WHT;MS;MGRP0;18/02/1986;20/02/1929;56,9944444444444
GRT0;M;7;TST;03/07/86;08/25/56;6'03";WHT;BS;MGRT0;07/03/1986;25/08/1956;29,5333333333333
GRW0;F;3;TRN;01/27/86;05/22/61;5'3";WHT;HS;FGRW0;27/01/1986;22/05/1961;24,6805555555556
GSH0;M;5;TRN;01/29/86;10/09/57;6'0";WHT;BS;MGSH0;29/01/1986;09/10/1957;28,3055555555556
GSL0;M;7;TRN;01/28/86;07/15/47;6'4";WHT;PHD;MGSL0;28/01/1986;15/07/1947;38,5361111111111
GWR0;F;7;TST;04/01/86;10/08/60;5'08";WHT;BS;FGWR0;01/04/1986;08/10/1960;25,4805555555556
GWT0;M;2;TST;03/25/86;07/15/21;5'06";WHT;BS;MGWT0;25/03/1986;15/07/1921;64,6944444444444
GXP0;M;4;TRN;02/03/86;05/15/50;5'8";BLK;BS;MGXP0;03/02/1986;15/05/1950;35,7166666666667
HBS0;M;7;TRN;04/01/86;02/15/62;5'10";WHT;BS;MHBS0;01/04/1986;15/02/1962;24,1277777777778
HES0;F;5;TST;01/21/86;11/29/60;5'5";WHT;MS;FHES0;21/01/1986;29/11/1960;25,1444444444444
HEW0;F;5;TST;02/27/86;04/11/34;5'0";WHT;HS;FHEW0;27/02/1986;11/04/1934;51,8777777777778
HIT0;M;5;TRN;04/09/86;01/02/59;5'9";BLK;BS;MHIT0;09/04/1986;02/01/1959;27,2694444444444
HJB0;M;3;TRN;04/17/86;12/20/58;6'1";WHT;BS;MHJB0;17/04/1986;20/12/1958;27,325
HLM0;F;2;TRN;03/31/86;06/18/43;5'03";WHT;HS;FHLM0;31/03/1986;18/06/1943;42,7861111111111
HMG0;M;5;TRN;02/25/86;08/08/59;5'11";WHT;BS;MHMG0;25/02/1986;08/08/1959;26,5472222222222
HMR0;M;3;TRN;01/22/86;01/21/62;5'10";WHT;BS;MHMR0;22/01/1986;21/01/1962;24,0027777777778
HPG0;M;3;TST;01/17/86;09/19/47;5'9";WHT;BS;MHPG0;17/01/1986;19/09/1947;38,3277777777778
HRM0;M;2;TRN;04/02/86;07/02/56;6'2";WHT;AS;MHRM0;02/04/1986;02/07/1956;29,75
HXL0;M;7;TRN;01/24/86;09/09/51;5'10";ORN;MS;MHXL0;24/01/1986;09/09/1951;34,375
HXS0;F;6;TRN;05/07/86;08/20/41;5'6";WHT;BS;FHXS0;07/05/1986;20/08/1941;44,7138888888889
ILB0;M;3;TRN;03/24/86;06/07/55;6'03";WHT;BS;MILB0;24/03/1986;07/06/1955;30,7972222222222
ISB0;F;7;TST;04/01/86;02/12/51;5'10";WHT;HS;FISB0;01/04/1986;12/02/1951;35,1361111111111
JAC0;M;4;TRN;02/20/86;10/10/40;5'8";WHT;BS;MJAC0;20/02/1986;10/10/1940;45,3611111111111
JAE0;M;2;TRN;03/20/86;03/21/63;5'09";WHT;BS;MJAE0;20/03/1986;21/03/1963;22,9972222222222
JAI0;M;7;TRN;04/08/86;03/14/62;5'10";WHT;BS;MJAI0;08/04/1986;14/03/1962;24,0666666666667
JAR0;M;2;TST;02/25/86;11/13/61;5'11";WHT;BS;MJAR0;25/02/1986;13/11/1961;24,2833333333333
JAS0;F;2;TST;02/27/86;07/21/47;5'8";WHT;PHD;FJAS0;27/02/1986;21/07/1947;38,6
JBG0;M;2;TRN;02/04/86;04/14/59;5'11";WHT;BS;MJBG0;04/02/1986;14/04/1959;26,8055555555556
JBR0;M;3;TST;04/15/86;07/22/50;5'10";WHT;MS;MJBR0;15/04/1986;22/07/1950;35,7305555555556
JCS0;F;5;TST;02/18/86;12/27/51;5'4";WHT;BS;FJCS0;18/02/1986;27/12/1951;34,1416666666667
JDA0;M;3;TRN;04/18/86;03/01/54;5'7";WHT;BS;MJDA0;18/04/1986;01/03/1954;32,1305555555556
JDC0;M;4;TRN;01/28/86;09/29/58;6'2";WHT;BS;MJDC0;28/01/1986;29/09/1958;27,3305555555556
JDE0;M;2;TRN;01/22/86;09/20/62;6'0";WHT;BS;MJDE0;22/01/1986;20/09/1962;23,3388888888889
JDG0;M;7;TRN;04/23/86;11/12/56;5'3";ORN;BS;MJDG0;23/04/1986;12/11/1956;29,4472222222222
JDH0;M;6;TST;02/24/86;09/26/50;6'1";WHT;BS;MJDH0;24/02/1986;26/09/1950;35,4111111111111
JDM0;M;5;TRN;02/21/86;02/19/51;6'1";WHT;MS;MJDM0;21/02/1986;19/02/1951;35,0055555555556
JDM1;M;4;TST;03/07/86;05/17/61;6'0";WHT;BS;MJDM1;07/03/1986;17/05/1961;24,8055555555556
JDM2;F;6;TRN;04/01/86;10/06/55;5'05";WHT;BS;FJDM2;01/04/1986;06/10/1955;30,4861111111111
JEB0;M;2;TRN;02/13/86;12/21/47;5'8";WHT;MS;MJEB0;13/02/1986;21/12/1947;38,1444444444444
JEB1;M;1;TRN;03/12/86;01/25/59;5'09";WHT;MS;MJEB1;12/03/1986;25/01/1959;27,1305555555556
JEE0;M;4;TRN;02/05/86;06/29/56;5'11";WHT;MS;MJEE0;05/02/1986;29/06/1956;29,6
JEM0;F;1;TST;02/11/86;11/06/51;5'6";WHT;MS;FJEM0;11/02/1986;06/11/1951;34,2638888888889
JEN0;F;7;TRN;04/23/86;09/13/63;5'8";WHT;BS;FJEN0;23/04/1986;13/09/1963;22,6111111111111
JES0;M;3;TST;02/26/86;01/29/63;5'5";WHT;BS;MJES0;26/02/1986;29/01/1963;23,075
JFC0;M;6;TST;04/21/86;03/16/59;6'0";WHT;BS;MJFC0;21/04/1986;16/03/1959;27,0972222222222
JFH0;M;5;TRN;01/21/86;01/25/58;5'9";WHT;MS;MJFH0;21/01/1986;25/01/1958;27,9888888888889
JFR0;M;7;TRN;04/09/86;10/09/39;5'8";WHT;MS;MJFR0;09/04/1986;09/10/1939;46,5
JHI0;M;2;TRN;02/20/86;05/28/52;5'7";BLK;HS;MJHI0;20/02/1986;28/05/1952;33,7277777777778
JHK0;F;7;TRN;04/17/86;07/21/60;5'2";???;MS;FJHK0;17/04/1986;21/07/1960;25,7388888888889
JJB0;M;3;TRN;01/23/86;04/18/59;6'0";WHT;BS;MJJB0;23/01/1986;18/04/1959;26,7638888888889
JJG0;M;3;TST;04/15/86;07/01/61;6'1";WHT;BS;MJJG0;15/04/1986;01/07/1961;24,7888888888889
JJJ0;M;4;TRN;01/28/86;11/16/39;6'1";WHT;BS;MJJJ0;28/01/1986;16/11/1939;46,2
JJM0;M;7;TRN;03/11/86;06/24/62;6'01";WHT;BS;MJJM0;11/03/1986;24/06/1962;23,7138888888889
JKL0;F;2;TRN;03/31/86;01/31/59;5'06";WHT;BS;FJKL0;31/03/1986;31/01/1959;27,1666666666667
JKR0;M;3;TRN;01/31/86;12/02/53;6'6";WHT;MS;MJKR0;31/01/1986;02/12/1953;32,1638888888889
JLB0;M;4;TRN;04/10/86;08/02/63;5'10";WHT;BS;MJLB0;10/04/1986;02/08/1963;22,6888888888889
JLG0;F;3;TRN;02/06/86;10/14/62;5'4";WHT;BS;FJLG0;06/02/1986;14/10/1962;23,3111111111111
JLG1;M;3;TRN;04/16/86;12/24/59;5'9";WHT;BS;MJLG1;16/04/1986;24/12/1959;26,3111111111111
JLM0;F;4;TST;04/23/86;07/02/62;5'3";WHT;BS;FJLM0;23/04/1986;02/07/1962;23,8083333333333
JLN0;M;8;TST;03/07/86;10/02/55;5'10";WHT;MS;MJLN0;07/03/1986;02/10/1955;30,4305555555556
JLR0;F;3;TRN;02/04/86;12/01/60;5'4";WHT;BS;FJLR0;04/02/1986;01/12/1960;25,175
JLS0;M;4;TRN;01/17/86;06/01/60;5'9";WHT;BS;MJLS0;17/01/1986;01/06/1960;25,6277777777778
JMA0;M;2;TRN;03/18/86;04/11/62;5'10";WHT;BS;MJMA0;18/03/1986;11/04/1962;23,9361111111111
JMD0;M;2;TRN;04/18/86;03/29/58;5'7";WHT;MS;MJMD0;18/04/1986;29/03/1958;28,0527777777778
JMG0;F;4;TST;01/29/86;07/04/53;5'5";WHT;MS;FJMG0;29/01/1986;04/07/1953;32,5694444444444
JMM0;M;4;TRN;02/06/86;10/16/58;5'9";WHT;HS;MJMM0;06/02/1986;16/10/1958;27,3055555555556
JMP0;M;3;TST;03/24/86;09/29/62;6'01";WHT;BS;MJMP0;24/03/1986;29/09/1962;23,4861111111111
JPG0;M;5;TRN;01/30/86;09/28/62;6'2";WHT;BS;MJPG0;30/01/1986;28/09/1962;23,3388888888889
JPM0;M;2;TRN;02/25/86;04/29/58;6'2";WHT;BS;MJPM0;25/02/1986;29/04/1958;27,8222222222222
JPM1;M;4;TRN;02/27/86;02/06/38;5'9";WHT;HS;MJPM1;27/02/1986;06/02/1938;48,0583333333333
JRA0;M;7;TRN;02/05/86;04/11/55;5'11";WHT;BS;MJRA0;05/02/1986;11/04/1955;30,8166666666667
JRB0;F;8;TRN;02/17/86;08/10/58;5'7";WHT;AS;FJRB0;17/02/1986;10/08/1958;27,5194444444444
JRE0;F;2;TST;01/21/86;08/07/62;5'6";WHT;BS;FJRE0;21/01/1986;07/08/1962;23,4555555555556
JRF0;M;4;TST;03/10/86;12/05/45;5'07";WHT;MS;MJRF0;10/03/1986;05/12/1945;40,2638888888889
JRG0;M;5;TRN;02/25/86;10/15/56;6'1";WHT;BS;MJRG0;25/02/1986;15/10/1956;29,3611111111111
JRH0;M;4;TRN;01/22/86;12/12/60;5'10";WHT;BS;MJRH0;22/01/1986;12/12/1960;25,1111111111111
JRH1;M;3;TRN;01/24/86;05/22/62;6'0";WHT;BS;MJRH1;24/01/1986;22/05/1962;23,6722222222222
JRK0;M;6;TRN;03/19/86;07/16/40;6'01";WHT;MS;MJRK0;19/03/1986;16/07/1940;45,675
JRP0;M;2;TRN;02/03/86;06/23/58;5'11";WHT;HS;MJRP0;03/02/1986;23/06/1958;27,6111111111111
JRP1;F;7;TRN;03/04/86;08/07/40;5'8";WHT;HS;FJRP1;04/03/1986;07/08/1940;45,575
JSA0;F;5;TST;02/26/86;09/13/53;5'7";WHT;BS;FJSA0;26/02/1986;13/09/1953;32,4527777777778
JSJ0;F;8;TST;03/13/86;09/18/49;5'05";WHT;MS;FJSJ0;13/03/1986;18/09/1949;36,4861111111111
JSK0;F;7;TRN;04/24/86;02/04/54;5'10";WHT;BS;FJSK0;24/04/1986;04/02/1954;32,2222222222222
JSP0;F;1;TRN;03/05/86;07/06/49;5'3";WHT;MS;FJSP0;05/03/1986;06/07/1949;36,6638888888889
JSR0;M;4;TRN;03/04/86;12/26/49;5'11";SPN;HS;MJSR0;04/03/1986;26/12/1949;36,1888888888889
JSW0;M;1;TST;04/16/86;07/15/53;5'8";WHT;MS;MJSW0;16/04/1986;15/07/1953;32,7527777777778
JTC0;M;8;TST;03/11/86;11/23/55;5'11";ORN;MS;MJTC0;11/03/1986;23/11/1955;30,3
JTH0;M;8;TST;02/14/86;07/26/58;5'10";WHT;MS;MJTH0;14/02/1986;26/07/1958;27,55
JVW0;M;3;TST;01/20/86;07/19/63;6'0";WHT;MS;MJVW0;20/01/1986;19/07/1963;22,5027777777778
JWB0;F;2;TST;02/11/86;02/26/54;5'7";WHT;MS;FJWB0;11/02/1986;26/02/1954;31,9583333333333
JWB1;F;4;TRN;03/04/86;04/12/56;5'6";WHT;BS;FJWB1;04/03/1986;12/04/1956;29,8944444444444
JWG0;M;5;TRN;03/20/86;06/10/61;5'11";WHT;BS;MJWG0;20/03/1986;10/06/1961;24,7777777777778
JWS0;M;4;TRN;01/24/86;01/12/40;5'11";WHT;BS;MJWS0;24/01/1986;12/01/1940;46,0333333333333
JWT0;M;1;TRN;02/26/86;03/25/53;6'3";WHT;BS;MJWT0;26/02/1986;25/03/1953;32,9194444444444
JXA0;M;5;TRN;03/19/86;01/13/50;5'11";WHT;BS;MJXA0;19/03/1986;13/01/1950;36,1833333333333
JXL0;M;4;TRN;01/29/86;10/24/27;5'10";WHT;HS;MJXL0;29/01/1986;24/10/1927;58,2638888888889
JXM0;F;5;TRN;01/31/86;03/10/58;5'3";BLK;HS;FJXM0;31/01/1986;10/03/1958;27,8916666666667
JXP0;F;4;TRN;01/22/86;04/23/62;5'4";WHT;BS;FJXP0;22/01/1986;23/04/1962;23,7472222222222
KAA0;F;2;TRN;01/31/86;10/26/58;5'6";WHT;BS;FKAA0;31/01/1986;26/10/1958;27,2638888888889
KAG0;M;7;TRN;04/09/86;10/01/39;5'8";WHT;BS;MKAG0;09/04/1986;01/10/1939;46,5222222222222
KAH0;M;2;TRN;03/21/86;07/25/56;6'00";WHT;MS;MKAH0;21/03/1986;25/07/1956;29,6555555555556
KAJ0;M;2;TRN;03/03/86;07/05/55;5'6";WHT;BS;MKAJ0;03/03/1986;05/07/1955;30,6611111111111
KAM0;M;4;TRN;02/18/86;11/12/48;6'0";WHT;MS;MKAM0;18/02/1986;12/11/1948;37,2666666666667
KCH0;M;3;TST;02/25/86;01/23/56;6'5";WHT;PHD;MKCH0;25/02/1986;23/01/1956;30,0888888888889
KCL0;M;4;TST;02/13/86;01/12/47;5'6";WHT;BS;MKCL0;13/02/1986;12/01/1947;39,0861111111111
KDB0;M;7;TRN;03/18/86;09/25/55;5'11";WHT;MS;MKDB0;18/03/1986;25/09/1955;30,4805555555556
KDD0;M;8;TRN;03/31/86;12/14/55;6'00";WHT;MS;MKDD0;31/03/1986;14/12/1955;30,2972222222222
KDE0;F;7;TRN;01/24/86;06/20/62;5'4";WHT;AS;FKDE0;24/01/1986;20/06/1962;23,5944444444444
KDR0;M;7;TST;02/12/86;11/02/60;6'2";WHT;BS;MKDR0;12/02/1986;02/11/1960;25,2777777777778
KDT0;M;2;TRN;03/20/86;08/02/57;5'08";WHT;MS;MKDT0;20/03/1986;02/08/1957;28,6333333333333
KDW0;F;4;TRN;01/31/86;10/14/61;5'0";WHT;BS;FKDW0;31/01/1986;14/10/1961;24,2972222222222
KES0;M;6;TRN;02/05/86;06/05/55;6'0";WHT;BS;MKES0;05/02/1986;05/06/1955;30,6666666666667
#VALUE!
KJL0;M;7;TST;01/20/86;11/18/55;6'1";WHT;MS;MKJL0;20/01/1986;18/11/1955;30,1722222222222
KJO0;M;2;TRN;03/20/86;12/05/54;6'00";WHT;PHD;MKJO0;20/03/1986;05/12/1954;31,2916666666667
KKH0;F;5;TRN;02/13/86;04/12/58;5'5";WHT;MS;FKKH0;13/02/1986;12/04/1958;27,8361111111111
KLC0;F;4;TRN;04/10/86;05/05/60;5'5";WHT;BS;FKLC0;10/04/1986;05/05/1960;25,9305555555556
KLC1;F;6;TRN;04/24/86;06/23/62;5'6";WHT;BS;FKLC1;24/04/1986;23/06/1962;23,8361111111111
KLH0;F;8;TRN;02/06/86;07/26/61;5'6";WHT;BS;FKLH0;06/02/1986;26/07/1961;24,5277777777778
KLN0;M;6;TRN;04/07/86;01/03/57;5'8";WHT;BS;MKLN0;07/04/1986;03/01/1957;29,2611111111111
KLR0;M;7;TRN;04/29/86;12/04/59;6'0";WHT;BS;MKLR0;29/04/1986;04/12/1959;26,4027777777778
KLS0;M;1;TRN;03/05/86;07/01/52;5'6";WHT;MS;MKLS0;05/03/1986;01/07/1952;33,6777777777778
KLS1;M;3;TRN;03/25/86;12/29/61;6'01";WHT;BS;MKLS1;25/03/1986;29/12/1961;24,2388888888889
KLT0;M;5;TST;02/03/86;06/13/62;5'11";WHT;BS;MKLT0;03/02/1986;13/06/1962;23,6388888888889
KLW0;M;1;TRN;04/01/86;11/22/56;5'09";WHT;PHD;MKLW0;01/04/1986;22/11/1956;29,3583333333333
KMS0;F;3;TST;03/14/86;04/06/47;5'08";WHT;MS;FKMS0;14/03/1986;06/04/1947;38,9388888888889
KRG0;M;8;TRN;03/14/86;08/10/60;6'00";WHT;MS;MKRG0;14/03/1986;10/08/1960;25,5944444444444
KSR0;F;7;TRN;01/21/86;02/13/61;5'8";WHT;BS;FKSR0;21/01/1986;13/02/1961;24,9388888888889
KXL0;M;3;TRN;01/29/86;10/24/59;5'11";WHT;BS;MKXL0;29/01/1986;24/10/1959;26,2638888888889
LAC0;F;3;TRN;03/21/86;03/23/61;5'06";WHT;BS;FLAC0;21/03/1986;23/03/1961;24,9944444444444
LAG0;F;6;TRN;03/11/86;12/20/61;5'02";WHT;BS;FLAG0;11/03/1986;20/12/1961;24,225
LAS0;F;7;TST;03/14/86;12/05/61;5'06";WHT;BS;FLAS0;14/03/1986;05/12/1961;24,275
LBC0;M;4;TRN;02/05/86;07/01/56;5'10";WHT;MS;MLBC0;05/02/1986;01/07/1956;29,5944444444444
LBW0;F;4;TST;02/03/86;04/26/61;5'7";WHT;BS;FLBW0;03/02/1986;26/04/1961;24,7694444444444
LEH0;F;7;TRN;04/24/86;09/18/61;5'5";WHT;BS;FLEH0;24/04/1986;18/09/1961;24,6
LEL0;M;4;TRN;02/05/86;01/27/59;5'7";WHT;MS;MLEL0;05/02/1986;27/01/1959;27,0222222222222
LET0;F;7;TRN;01/23/86;09/14/61;5'4";WHT;BS;FLET0;23/01/1986;14/09/1961;24,3583333333333
LHD0;F;4;TRN;02/21/86;07/12/47;5'4";WHT;MS;FLHD0;21/02/1986;12/07/1947;38,6083333333333
LIH0;M;5;TST;01/29/86;01/10/62;6'0";BLK;??;MLIH0;29/01/1986;10/01/1962;24,0527777777778
LJA0;F;5;TRN;05/08/86;03/23/54;5'7";WHT;MS;FLJA0;08/05/1986;23/03/1954;32,125
LJB0;M;4;TST;02/18/86;12/14/58;5'11";WHT;HS;MLJB0;18/02/1986;14/12/1958;27,1777777777778
LJC0;M;4;TRN;02/04/86;05/04/61;5'10";WHT;BS;MLJC0;04/02/1986;04/05/1961;24,75
LJD0;F;3;TRN;03/19/86;03/06/61;5'06";WHT;BS;FLJD0;19/03/1986;06/03/1961;25,0361111111111
LJG0;F;5;TRN;04/09/86;02/17/22;5'7";WHT;MS;FLJG0;09/04/1986;17/02/1922;64,1444444444444
LJH0;M;4;TRN;02/20/86;03/15/50;6'0";AMR;AS;MLJH0;20/02/1986;15/03/1950;35,9305555555556
LKD0;F;4;TST;02/25/86;10/02/62;5'5";WHT;BS;FLKD0;25/02/1986;02/10/1962;23,3972222222222
LKM0;F;4;TRN;02/05/86;01/16/51;5'2";WHT;HS;FLKM0;05/02/1986;16/01/1951;35,0527777777778
LLL0;M;4;TST;02/25/86;05/27/59;5'6";WHT;BS;MLLL0;25/02/1986;27/05/1959;26,7444444444444
LMA0;F;2;TRN;02/05/86;06/20/60;5'8";WHT;BS;FLMA0;05/02/1986;20/06/1960;25,625
LMC0;F;2;TRN;02/25/86;11/10/63;5'8";WHT;BS;FLMC0;25/02/1986;10/11/1963;22,2916666666667
LMK0;F;5;TRN;04/21/86;05/10/60;5'0";WHT;BS;FLMK0;21/04/1986;10/05/1960;25,9472222222222
LNH0;F;6;TST;02/03/86;09/26/60;5'8";WHT;BS;FLNH0;03/02/1986;26/09/1960;25,3527777777778
LNS0;M;3;TRN;02/28/86;11/27/59;5'6";WHT;HS;MLNS0;28/02/1986;27/11/1959;26,2527777777778
LNT0;M;3;TST;02/12/86;04/09/53;5'6";BLK;MS;MLNT0;12/02/1986;09/04/1953;32,8416666666667
LOD0;F;5;TRN;02/13/86;12/05/52;5'2";WHT;BS;FLOD0;13/02/1986;05/12/1952;33,1888888888889
LSH0;M;4;TRN;03/03/86;08/14/54;5'9";WHT;BS;MLSH0;03/03/1986;14/08/1954;31,5527777777778
LTM0;F;3;TRN;05/02/86;12/21/60;5'2";WHT;BS;FLTM0;02/05/1986;21/12/1960;25,3638888888889
MAA0;M;2;TRN;03/13/86;07/12/59;5'10";WHT;BS;MMAA0;13/03/1986;12/07/1959;26,6694444444444
MAB0;M;3;TST;02/25/86;03/16/58;5'10";WHT;HS;MMAB0;25/02/1986;16/03/1958;27,9416666666667
MAB1;M;5;TRN;03/14/86;12/20/54;6'02";WHT;BS;MMAB1;14/03/1986;20/12/1954;31,2333333333333
MAF0;F;4;TST;03/11/86;03/07/44;5'05";WHT;BS;FMAF0;11/03/1986;07/03/1944;42,0111111111111
MAG0;M;2;TRN;01/23/86;10/21/63;6'2";WHT;BS;MMAG0;23/01/1986;21/10/1963;22,2555555555556
MAH0;F;5;TST;02/13/86;01/30/63;5'3";WHT;AS;FMAH0;13/02/1986;30/01/1963;23,0361111111111
MAH1;F;7;TRN;03/19/86;05/21/61;5'07";WHT;BS;FMAH1;19/03/1986;21/05/1961;24,8277777777778
MAM0;M;3;TRN;04/07/86;07/01/61;5'11";WHT;BS;MMAM0;07/04/1986;01/07/1961;24,7666666666667
MAR0;M;3;TRN;02/20/86;12/06/57;5'9";WHT;??;MMAR0;20/02/1986;06/12/1957;28,2055555555556
MBG0;F;8;TRN;01/27/86;01/10/55;5'4";WHT;BS;FMBG0;27/01/1986;10/01/1955;31,0472222222222
MBS0;M;4;TRN;01/24/86;03/17/60;6'2";BLK;BS;MMBS0;24/01/1986;17/03/1960;25,8527777777778
MCC0;M;5;TRN;02/20/86;06/10/58;5'8";WHT;BS;MMCC0;20/02/1986;10/06/1958;27,6944444444444
MCM0;F;4;TST;01/29/86;11/19/59;5'6";WHT;BS;FMCM0;29/01/1986;19/11/1959;26,1944444444444
MDB0;M;6;TRN;04/10/86;04/07/54;5'10";WHT;BS;MMDB0;10/04/1986;07/04/1954;32,0083333333333
MDB1;M;2;TST;04/11/86;06/03/62;5'10";WHT;BS;MMDB1;11/04/1986;03/06/1962;23,8555555555556
MDG0;M;7;TRN;01/24/86;10/08/52;5'10";WHT;BS;MMDG0;24/01/1986;08/10/1952;33,2944444444444
MDH0;M;3;TST;04/18/86;05/25/57;6'0";WHT;MS;MMDH0;18/04/1986;25/05/1957;28,8972222222222
MDM0;M;4;TRN;02/18/86;12/08/58;6'3";WHT;HS;MMDM0;18/02/1986;08/12/1958;27,1944444444444
MDM1;M;5;TRN;03/03/86;09/13/57;6'0";WHT;HS;MMDM1;03/03/1986;13/09/1957;28,4722222222222
MDM2;M;2;TST;03/10/86;01/14/59;5'11";WHT;MS;MMDM2;10/03/1986;14/01/1959;27,1555555555556
MDS0;M;2;TRN;02/21/86;07/05/65;6'0";WHT;HS;MMDS0;21/02/1986;05/07/1965;20,6277777777778
MEA0;M;8;TRN;02/26/86;08/05/62;5'8";WHT;MS;MMEA0;26/02/1986;05/08/1962;23,5583333333333
MEB0;M;3;TRN;02/25/86;02/25/42;6'0";???;BS;MMEB0;25/02/1986;25/02/1942;44
MEM0;F;1;TRN;02/25/86;06/17/28;5'7";WHT;HS;FMEM0;25/02/1986;17/06/1928;57,6888888888889
MGC0;M;4;TRN;02/17/86;02/26/53;6'2";WHT;BS;MMGC0;17/02/1986;26/02/1953;32,975
MGD0;F;6;TST;03/31/86;10/29/31;5'05";WHT;HS;FMGD0;31/03/1986;29/10/1931;54,4222222222222
MGG0;M;1;TRN;05/08/86;06/30/60;6'2";WHT;MS;MMGG0;08/05/1986;30/06/1960;25,8555555555556
MGK0;M;2;TRN;02/20/86;11/16/63;6'2";WHT;BS;MMGK0;20/02/1986;16/11/1963;22,2611111111111
MJB0;F;2;TRN;01/29/86;06/18/63;5'5";WHT;HS;FMJB0;29/01/1986;18/06/1963;22,6138888888889
MJB1;M;3;TRN;02/28/86;03/30/59;6'0";WHT;BS;MMJB1;28/02/1986;30/03/1959;26,9111111111111
MJF0;F;3;TRN;02/06/86;12/13/54;5'5";WHT;MS;FMJF0;06/02/1986;13/12/1954;31,1472222222222
MJR0;M;3;TST;04/17/86;12/11/53;6'1";WHT;BS;MMJR0;17/04/1986;11/12/1953;32,35
MJU0;F;6;TRN;02/27/86;04/23/59;5'3";???;HS;FMJU0;27/02/1986;23/04/1959;26,8444444444444
MKC0;F;7;TRN;05/06/86;12/09/58;5'6";WHT;MS;FMKC0;06/05/1986;09/12/1958;27,4083333333333
MKF0;F;2;TRN;03/24/86;08/07/58;5'03";WHT;BS;FMKF0;24/03/1986;07/08/1958;27,6305555555556
MLD0;F;8;TST;03/26/86;08/17/60;5'02";WHT;MS;FMLD0;26/03/1986;17/08/1960;25,6083333333333
MLM0;M;8;TRN;03/20/86;06/20/47;6'04";WHT;MS;MMLM0;20/03/1986;20/06/1947;38,75
MMH0;F;2;TRN;03/25/86;01/14/63;5'06";WHT;BS;FMMH0;25/03/1986;14/01/1963;23,1972222222222
MML0;F;7;TST;04/21/86;08/27/61;5'11";WHT;BS;FMML0;21/04/1986;27/08/1961;24,65
MPG0;F;5;TRN;04/08/86;12/23/32;5'5";WHT;HS;FMPG0;08/04/1986;23/12/1932;53,2916666666667
MPM0;M;8;TRN;04/29/86;02/06/56;5'10";WHT;BS;MMPM0;29/04/1986;06/02/1956;30,2305555555556
MRP0;M;1;TRN;02/28/86;01/15/59;5'7";WHT;HS;MMRP0;28/02/1986;15/01/1959;27,1194444444444
MSM0;M;3;TRN;01/21/86;02/03/63;5'10";WHT;BS;MMSM0;21/01/1986;03/02/1963;22,9666666666667
MVP0;M;5;TRN;02/13/86;03/29/61;5'8";WHT;BS;MMVP0;13/02/1986;29/03/1961;24,8722222222222
MWB0;M;5;TRN;04/10/86;09/17/62;5'6";WHT;??;MMWB0;10/04/1986;17/09/1962;23,5638888888889
MWH0;M;3;TST;01/16/86;06/28/59;6'0";WHT;BS;MMWH0;16/01/1986;28/06/1959;26,55
MWS0;M;8;TRN;03/20/86;02/03/61;6'00";WHT;BS;MMWS0;20/03/1986;03/02/1961;25,1305555555556
MWS1;M;7;TRN;05/05/86;12/01/54;5'6";WHT;MS;MMWS1;05/05/1986;01/12/1954;31,4277777777778
MXS0;M;2;TRN;03/19/86;05/29/54;5'04";WHT;AS;MMXS0;19/03/1986;29/05/1954;31,8055555555556
NET0;M;4;TRN;03/07/86;12/02/37;5'11";WHT;??;MNET0;07/03/1986;02/12/1937;48,2638888888889
NJM0;M;7;TST;04/01/86;03/30/55;6'02";WHT;BS;MNJM0;01/04/1986;30/03/1955;31,0027777777778
NKL0;F;8;TRN;03/20/86;02/07/61;5'07";WHT;BS;FNKL0;20/03/1986;07/02/1961;25,1194444444444
NLP0;F;5;TST;03/07/86;09/09/55;5'8";WHT;BS;FNLP0;07/03/1986;09/09/1955;30,4944444444444
NLS0;M;7;TST;03/13/86;03/10/44;6'00";WHT;BS;MNLS0;13/03/1986;10/03/1944;42,0083333333333
NMR0;F;4;TST;02/27/86;09/08/54;5'8";WHT;MS;FNMR0;27/02/1986;08/09/1954;31,4694444444444
NTB0;F;3;TRN;01/31/86;12/15/60;5'8";WHT;MS;FNTB0;31/01/1986;15/12/1960;25,1277777777778
NTW0;M;7;TRN;05/02/86;04/22/61;6'4";WHT;BS;MNTW0;02/05/1986;22/04/1961;25,0277777777778
PAB0;M;7;TST;01/23/86;04/10/54;5'7";WHT;BS;MPAB0;23/01/1986;10/04/1954;31,7861111111111
PAB1;F;7;TRN;03/12/86;04/09/62;5'10";WHT;BS;FPAB1;12/03/1986;09/04/1962;23,925
PAC0;F;7;TRN;02/13/86;03/18/62;5'2";???;BS;FPAC0;13/02/1986;18/03/1962;23,9027777777778
PAD0;F;6;TRN;02/21/86;09/23/55;5'3";WHT;MS;FPAD0;21/02/1986;23/09/1955;30,4111111111111
PAF0;F;4;TRN;04/29/86;06/15/43;5'5";WHT;AS;FPAF0;29/04/1986;15/06/1943;42,8722222222222
PAM0;M;8;TST;01/30/86;12/24/57;6'0";WHT;MS;MPAM0;30/01/1986;24/12/1957;28,1
PAM1;M;6;TST;01/31/86;06/07/34;5'11;WHT;MS;MPAM1;31/01/1986;07/06/1934;51,65
PAR0;M;7;TRN;04/01/86;01/21/61;5'08";WHT;BS;MPAR0;01/04/1986;21/01/1961;25,1944444444444
PAS0;F;2;TST;04/01/86;03/20/63;5'06";WHT;BS;FPAS0;01/04/1986;20/03/1963;23,0305555555556
PAZ0;F;3;TRN;04/02/86;04/15/54;5'5";WHT;BS;FPAZ0;02/04/1986;15/04/1954;31,9638888888889
PCS0;M;4;TST;02/25/86;11/17/60;5'11";WHT;BS;MPCS0;25/02/1986;17/11/1960;25,2722222222222
PDF0;M;2;TST;03/25/86;04/27/56;5'11";WHT;BS;MPDF0;25/03/1986;27/04/1956;29,9111111111111
PEB0;M;4;TRN;02/04/86;05/31/55;6'0";WHT;BS;MPEB0;04/02/1986;31/05/1955;30,6777777777778
PFU0;M;7;TRN;02/06/86;11/18/56;5'7";WHT;BS;MPFU0;06/02/1986;18/11/1956;29,2166666666667
PGH0;M;1;TRN;03/26/86;09/10/63;5'08";WHT;BS;MPGH0;26/03/1986;10/09/1963;22,5444444444444
PGL0;M;2;TST;01/20/86;06/29/61;6'0";WHT;BS;MPGL0;20/01/1986;29/06/1961;24,5583333333333
PGR0;M;1;TRN;03/03/86;11/24/61;5'8";WHT;BS;MPGR0;03/03/1986;24/11/1961;24,275
PGR1;M;6;TRN;03/18/86;12/21/59;5'10";WHT;BS;MPGR1;18/03/1986;21/12/1959;26,2416666666667
PJF0;F;2;TRN;04/23/86;04/27/60;5'4";WHT;BS;FPJF0;23/04/1986;27/04/1960;25,9888888888889
PKT0;F;3;TST;03/25/86;08/09/61;5'04";WHT;BS;FPKT0;25/03/1986;09/08/1961;24,6277777777778
PLB0;M;4;TST;02/27/86;03/08/52;6'1";WHT;HS;MPLB0;27/02/1986;08/03/1952;33,9694444444444
PLS0;F;8;TRN;04/02/86;03/03/65;5'6";WHT;HS;FPLS0;02/04/1986;03/03/1965;21,0805555555556
PMB0;M;5;TRN;03/18/86;06/10/10;5'07";WHT;BS;MPMB0;18/03/1986;10/06/1910;75,7722222222222
PMY0;F;5;TRN;01/27/86;06/25/58;5'6";BLK;HS;FPMY0;27/01/1986;25/06/1958;27,5888888888889
PPC0;M;2;TRN;03/03/86;04/03/60;5'5";WHT;BS;MPPC0;03/03/1986;03/04/1960;25,9166666666667
PRB0;M;2;TRN;01/31/86;08/29/53;5'8";WHT;AS;MPRB0;31/01/1986;29/08/1953;32,4222222222222
PRD0;M;3;TRN;03/04/86;07/03/50;5'9";WHT;AS;MPRD0;04/03/1986;03/07/1950;35,6694444444444
PRK0;M;4;TRN;01/17/86;03/10/58;5'11";WHT;MS;MPRK0;17/01/1986;10/03/1958;27,8527777777778
PRT0;M;4;TRN;01/31/86;03/07/53;5'9";WHT;PHD;MPRT0;31/01/1986;07/03/1953;32,9
PSW0;M;1;TRN;05/02/86;02/11/62;5'10";WHT;BS;MPSW0;02/05/1986;11/02/1962;24,225
PWM0;M;4;TST;01/23/86;02/12/56;6'2";WHT;BS;MPWM0;23/01/1986;12/02/1956;29,9472222222222
RAB0;M;2;TRN;02/04/86;04/02/54;5'9";WHT;BS;MRAB0;04/02/1986;02/04/1954;31,8388888888889
RAB1;M;4;TRN;03/13/86;02/05/53;5'08";WHT;PHD;MRAB1;13/03/1986;05/02/1953;33,1055555555556
RAI0;M;1;TRN;03/04/86;01/02/61;5'8";WHT;BS;MRAI0;04/03/1986;02/01/1961;25,1722222222222
RAM0;M;5;TRN;02/12/86;10/31/60;6'1";WHT;BS;MRAM0;12/02/1986;31/10/1960;25,2833333333333
RAM1;F;2;TST;02/25/86;11/10/60;5'6";WHT;MS;FRAM1;25/02/1986;10/11/1960;25,2916666666667
RAV0;M;5;TRN;04/16/86;11/13/60;6'4";WHT;MS;MRAV0;16/04/1986;13/11/1960;25,425
RBC0;M;3;TRN;02/04/86;05/05/60;6'1";WHT;HS;MRBC0;04/02/1986;05/05/1960;25,7472222222222
RCG0;M;1;TRN;03/04/86;04/14/45;6'1";WHT;MS;MRCG0;04/03/1986;14/04/1945;40,8888888888889
RCS0;M;7;TST;02/04/86;12/07/46;6'0";WHT;MS;MRCS0;04/02/1986;07/12/1946;39,1583333333333
RCW0;M;2;TRN;02/25/86;07/14/58;6'3";WHT;BS;MRCW0;25/02/1986;14/07/1958;27,6138888888889
RCZ0;M;2;TST;03/25/86;04/02/58;5'09";WHT;MS;MRCZ0;25/03/1986;02/04/1958;27,9805555555556
RDD0;M;1;TRN;04/24/86;12/25/43;5'11";WHT;BS;MRDD0;24/04/1986;25/12/1943;42,3305555555556
RDM0;M;8;TRN;04/07/86;09/28/49;6'2";WHT;PHD;MRDM0;07/04/1986;28/09/1949;36,525
RDS0;M;3;TRN;01/28/86;09/03/53;6'0";WHT;MS;MRDS0;28/01/1986;03/09/1953;32,4027777777778
REB0;M;1;TST;02/25/86;12/04/58;6'0";WHT;BS;MREB0;25/02/1986;04/12/1958;27,225
REE0;M;3;TRN;01/20/86;08/25/61;6'6";WHT;BS;MREE0;20/01/1986;25/08/1961;24,4027777777778
REH0;F;7;TRN;02/18/86;07/20/62;5'7";WHT;BS;FREH0;18/02/1986;20/07/1962;23,5777777777778
REH1;M;3;TRN;04/07/86;05/12/61;5'9";WHT;BS;MREH1;07/04/1986;12/05/1961;24,9027777777778
REM0;M;7;TRN;04/02/86;10/05/34;6'2";WHT;BS;MREM0;02/04/1986;05/10/1934;51,4916666666667
RES0;M;8;TST;02/03/86;06/19/62;6'4";WHT;BS;MRES0;03/02/1986;19/06/1962;23,6222222222222
REW0;F;4;TST;02/12/86;06/19/52;5'4";WHT;MS;FREW0;12/02/1986;19/06/1952;33,6472222222222
REW1;M;5;TRN;03/18/86;04/08/58;6'00";WHT;BS;MREW1;18/03/1986;08/04/1958;27,9444444444444
RFK0;M;2;TRN;05/07/86;12/03/51;6'2";WHT;BS;MRFK0;07/05/1986;03/12/1951;34,4277777777778
RFL0;M;4;TRN;01/27/86;09/22/52;5'4";WHT;BS;MRFL0;27/01/1986;22/09/1952;33,3472222222222
RGG0;M;2;TST;01/31/86;05/10/61;6'0";WHT;BS;MRGG0;31/01/1986;10/05/1961;24,725
RGM0;M;4;TRN;01/28/86;09/27/54;6'0";BLK;HS;MRGM0;28/01/1986;27/09/1954;31,3361111111111
RGS0;M;2;TRN;02/25/86;07/14/63;5'8";WHT;HS;MRGS0;25/02/1986;14/07/1963;22,6138888888889
RHL0;M;2;TRN;03/19/86;02/08/54;5'09";WHT;MS;MRHL0;19/03/1986;08/02/1954;32,1138888888889
RJB0;F;6;TRN;03/04/86;07/18/59;5'4";WHT;PHD;FRJB0;04/03/1986;18/07/1959;26,6277777777778
RJB1;M;3;TRN;04/17/86;09/01/62;6'4";WHT;BS;MRJB1;17/04/1986;01/09/1962;23,6277777777778
RJH0;M;2;TRN;03/20/86;02/19/44;5'09";WHT;PHD;MRJH0;20/03/1986;19/02/1944;42,0861111111111
RJM0;M;2;TRN;02/04/86;10/21/56;6'0";WHT;BS;MRJM0;04/02/1986;21/10/1956;29,2861111111111
RJM1;M;2;TRN;02/14/86;07/03/47;6'0";WHT;MS;MRJM1;14/02/1986;03/07/1947;38,6138888888889
RJM3;M;5;TST;03/07/86;08/09/34;6'01";WHT;HS;MRJM3;07/03/1986;09/08/1934;51,5777777777778
RJM4;M;7;TST;03/14/86;08/03/50;5'08";WHT;MS;MRJM4;14/03/1986;03/08/1950;35,6138888888889
RJO0;M;1;TST;02/25/86;05/15/51;5'10";WHT;BS;MRJO0;25/02/1986;15/05/1951;34,7777777777778
RJR0;M;6;TST;01/29/86;04/15/58;5'9";???;MS;MRJR0;29/01/1986;15/04/1958;27,7888888888889
RJS0;M;6;TST;03/06/86;07/20/60;5'07";WHT;BS;MRJS0;06/03/1986;20/07/1960;25,6277777777778
RJT0;M;2;TRN;03/18/86;09/12/41;6'00";WHT;BS;MRJT0;18/03/1986;12/09/1941;44,5166666666667
RKM0;M;5;TRN;02/11/86;10/27/56;5'11";BLK;BS;MRKM0;11/02/1986;27/10/1956;29,2888888888889
RKO0;M;4;TST;02/27/86;02/07/41;6'3";WHT;HS;MRKO0;27/02/1986;07/02/1941;45,0555555555556
RLD0;M;5;TRN;04/02/86;12/25/55;5'9";WHT;MS;MRLD0;02/04/1986;25/12/1955;30,2694444444444
RLJ0;M;2;TRN;03/04/86;12/06/51;5'8";WHT;BS;MRLJ0;04/03/1986;06/12/1951;34,2444444444444
RLJ1;M;7;TRN;04/23/86;07/05/60;6'0";WHT;BS;MRLJ1;23/04/1986;05/07/1960;25,8
RLK0;M;8;TRN;03/12/86;05/25/51;6'00";WHT;BS;MRLK0;12/03/1986;25/05/1951;34,7972222222222
RLL0;F;2;TRN;03/19/86;07/24/62;5'06";WHT;BS;FRLL0;19/03/1986;24/07/1962;23,6527777777778
RLR0;M;2;TRN;01/30/86;03/29/59;5'10";WHT;MS;MRLR0;30/01/1986;29/03/1959;26,8361111111111
RMB0;M;6;TRN;04/01/86;05/29/53;6'00";???;BS;MRMB0;01/04/1986;29/05/1953;32,8388888888889
RMG0;M;7;TRN;05/08/86;11/01/43;5'11";WHT;PHD;MRMG0;08/05/1986;01/11/1943;42,5194444444444
RMH0;M;7;TRN;04/17/86;02/26/60;6'2";WHT;BS;MRMH0;17/04/1986;26/02/1960;26,1416666666667
RML0;M;5;TRN;03/04/86;03/19/53;6'3";WHT;BS;MRML0;04/03/1986;19/03/1953;32,9583333333333
RMS0;M;2;TRN;03/12/86;03/11/60;5'07";WHT;BS;MRMS0;12/03/1986;11/03/1960;26,0027777777778
RMS1;M;7;TST;03/14/86;04/27/60;6'00";WHT;BS;MRMS1;14/03/1986;27/04/1960;25,8805555555556
RNG0;F;4;TST;02/25/86;09/21/61;5'6";WHT;HS;FRNG0;25/02/1986;21/09/1961;24,4277777777778
ROA0;M;4;TST;02/17/86;10/08/62;6'3";WHT;HS;MROA0;17/02/1986;08/10/1962;23,3583333333333
RPC0;M;7;TST;01/22/86;09/14/60;5'9";WHT;BS;MRPC0;22/01/1986;14/09/1960;25,3555555555556
RPC1;M;7;TRN;03/13/86;12/12/62;6'03";WHT;BS;MRPC1;13/03/1986;12/12/1962;23,2527777777778
RPP0;M;5;TST;01/29/86;09/12/58;5'11";WHT;MS;MRPP0;29/01/1986;12/09/1958;27,3805555555556
RRE0;M;8;TRN;02/20/86;12/16/50;5'10";WHT;HS;MRRE0;20/02/1986;16/12/1950;35,1777777777778
RRK0;M;5;TST;02/13/86;07/18/41;5'9";WHT;MS;MRRK0;13/02/1986;18/07/1941;44,5694444444444
RSO0;M;1;TRN;04/18/86;06/16/60;6'0";WHT;MS;MRSO0;18/04/1986;16/06/1960;25,8388888888889
RSP0;M;4;TRN;03/04/86;09/20/53;5'10";WHT;HS;MRSP0;04/03/1986;20/09/1953;32,4555555555556
RTC0;M;3;TRN;03/11/86;02/07/58;6'00";WHT;BS;MRTC0;11/03/1986;07/02/1958;28,0944444444444
RTJ0;M;3;TRN;02/27/86;11/14/37;5'11";WHT;HS;MRTJ0;27/02/1986;14/11/1937;48,2861111111111
RTK0;M;3;TST;01/14/86;08/08/58;6'0";WHT;MS;MRTK0;14/01/1986;08/08/1958;27,4333333333333
RVG0;M;5;TRN;01/23/86;04/14/54;6'0";WHT;BS;MRVG0;23/01/1986;14/04/1954;31,775
RWA0;M;3;TRN;04/08/86;05/05/60;5'9";WHT;BS;MRWA0;08/04/1986;05/05/1960;25,925
RWS0;M;1;TRN;01/20/86;03/10/59;6'2";WHT;BS;MRWS0;20/01/1986;10/03/1959;26,8611111111111
RWS1;M;5;TST;01/23/86;07/23/58;5'10";WHT;BS;MRWS1;23/01/1986;23/07/1958;27,5
RXB0;M;6;TRN;04/02/86;03/16/60;5'10";???;MS;MRXB0;02/04/1986;16/03/1960;26,0444444444444
SAG0;F;5;TRN;02/20/86;10/01/41;5'5";WHT;HS;FSAG0;20/02/1986;01/10/1941;44,3861111111111
SAH0;F;1;TRN;02/05/86;03/09/63;5'9";WHT;BS;FSAH0;05/02/1986;09/03/1963;22,9055555555556
SAH1;M;7;TRN;04/24/86;11/13/46;5'10";WHT;BS;MSAH1;24/04/1986;13/11/1946;39,4472222222222
SAK0;F;4;TRN;02/14/86;05/25/61;5'2";WHT;MS;FSAK0;14/02/1986;25/05/1961;24,7194444444444
SAS0;M;5;TRN;02/25/86;12/13/59;6'4";WHT;BS;MSAS0;25/02/1986;13/12/1959;26,2
SAT0;M;2;TRN;03/20/86;07/21/60;5'11";WHT;BS;MSAT0;20/03/1986;21/07/1960;25,6638888888889
SAT1;M;6;TRN;05/06/86;02/10/57;5'5";WHT;MS;MSAT1;06/05/1986;10/02/1957;29,2388888888889
SBK0;F;6;TRN;05/02/86;08/13/62;5'2";WHT;BS;FSBK0;02/05/1986;13/08/1962;23,7194444444444
SCN0;F;2;TRN;02/06/86;11/27/59;5'2";WHT;BS;FSCN0;06/02/1986;27/11/1959;26,1916666666667
SDB0;M;7;TRN;04/15/86;06/20/57;5'11";WHT;MS;MSDB0;15/04/1986;20/06/1957;28,8194444444444
SDC0;F;5;TRN;02/18/86;07/16/61;5'5";WHT;BS;FSDC0;18/02/1986;16/07/1961;24,5888888888889
SDH0;M;5;TRN;04/09/86;11/25/61;6'0";WHT;BS;MSDH0;09/04/1986;25/11/1961;24,3722222222222
SDJ0;F;6;TRN;01/21/86;08/21/62;5'7";WHT;BS;FSDJ0;21/01/1986;21/08/1962;23,4166666666667
SDS0;M;6;TRN;05/07/86;12/10/58;5'8";WHT;MS;MSDS0;07/05/1986;10/12/1958;27,4083333333333
SEM0;F;4;TST;01/30/86;10/07/64;5'0";WHT;HS;FSEM0;30/01/1986;07/10/1964;21,3138888888889
SEM1;M;5;TRN;03/06/86;02/12/47;6'0";WHT;PHD;MSEM1;06/03/1986;12/02/1947;39,0666666666667
SES0;M;7;TRN;04/02/86;09/11/63;5'8";WHT;BS;MSES0;02/04/1986;11/09/1963;22,5583333333333
SFH0;M;4;TRN;02/03/86;01/14/60;5'10";SPN;HS;MSFH0;03/02/1986;14/01/1960;26,0527777777778
SFH1;M;5;TST;02/11/86;05/03/59;5'9";WHT;MS;MSFH1;11/02/1986;03/05/1959;26,7722222222222
SFV0;M;3;TRN;02/11/86;04/28/51;6'3";WHT;BS;MSFV0;11/02/1986;28/04/1951;34,7861111111111
SGF0;F;6;TRN;03/26/86;05/10/42;5'05";WHT;MS;FSGF0;26/03/1986;10/05/1942;43,8777777777778
SJG0;F;5;TRN;03/31/86;07/14/57;5'03";BLK;BS;FSJG0;31/03/1986;14/07/1957;28,7138888888889
SJK0;M;6;TRN;04/07/86;08/09/31;5'7";WHT;BS;MSJK0;07/04/1986;09/08/1931;54,6611111111111
SJK1;F;1;TRN;04/18/86;01/16/61;5'6";WHT;BS;FSJK1;18/04/1986;16/01/1961;25,2555555555556
SJS0;F;3;TRN;01/28/86;04/12/57;5'0";WHT;BS;FSJS0;28/01/1986;12/04/1957;28,7944444444444
SJS1;M;1;TST;02/11/86;07/23/60;5'9";???;BS;MSJS1;11/02/1986;23/07/1960;25,55
SJW0;F;3;TRN;02/20/86;08/15/39;5'5";WHT;HS;FSJW0;20/02/1986;15/08/1939;46,5138888888889
SKC0;F;3;TRN;03/03/86;04/10/61;6'0";WHT;AS;FSKC0;03/03/1986;10/04/1961;24,8972222222222
SKL0;F;2;TRN;03/21/86;12/11/61;5'06";WHT;BS;FSKL0;21/03/1986;11/12/1961;24,2777777777778
SKP0;F;5;TRN;01/20/86;12/15/61;5'8";WHT;BS;FSKP0;20/01/1986;15/12/1961;24,0972222222222
SLB0;M;8;TST;01/30/86;03/05/55;5'6";WHT;MS;MSLB0;30/01/1986;05/03/1955;30,9027777777778
SLB1;F;2;TST;02/12/86;09/18/53;5'8";WHT;MS;FSLB1;12/02/1986;18/09/1953;32,4
SLS0;F;3;TRN;04/29/86;02/24/63;5'9";WHT;BS;FSLS0;29/04/1986;24/02/1963;23,1805555555556
SMA0;F;1;TRN;04/11/86;07/31/43;5'3";WHT;??;FSMA0;11/04/1986;31/07/1943;42,6972222222222
SMC0;M;4;TRN;02/12/86;11/16/55;5'8";WHT;MS;MSMC0;12/02/1986;16/11/1955;30,2388888888889
SMM0;F;5;TRN;02/18/86;12/09/55;5'6";WHT;MS;FSMM0;18/02/1986;09/12/1955;30,1916666666667
SMR0;M;6;TRN;02/28/86;02/09/52;6'2";WHT;BS;MSMR0;28/02/1986;09/02/1952;34,0527777777778
SMS0;M;4;TRN;03/05/86;09/19/39;5'9";WHT;??;MSMS0;05/03/1986;19/09/1939;46,4611111111111
SMS1;F;5;TRN;03/18/86;06/19/61;5'00";WHT;BS;FSMS1;18/03/1986;19/06/1961;24,7472222222222
SPM0;F;7;TRN;02/05/86;06/20/55;5'4";WHT;PHD;FSPM0;05/02/1986;20/06/1955;30,625
SRG0;M;4;TRN;02/03/86;03/18/60;5'8";WHT;BS;MSRG0;03/02/1986;18/03/1960;25,875
SRH0;F;2;TRN;02/14/86;06/25/62;5'4";WHT;HS;FSRH0;14/02/1986;25/06/1962;23,6361111111111
SRR0;M;5;TRN;01/23/86;10/21/61;5'9";WHT;BS;MSRR0;23/01/1986;21/10/1961;24,2555555555556
SSB0;F;4;TRN;05/09/86;08/02/53;5'5";WHT;BS;FSSB0;09/05/1986;02/08/1953;32,7694444444444
STF0;M;4;TRN;02/27/86;07/22/59;5'10";WHT;BS;MSTF0;27/02/1986;22/07/1959;26,5972222222222
STK0;M;1;TST;04/17/86;12/04/60;5'11";WHT;BS;MSTK0;17/04/1986;04/12/1960;25,3694444444444
SVS0;M;6;TRN;03/31/86;09/04/59;6'02";HSP;BS;MSVS0;31/03/1986;04/09/1959;26,575
SXA0;F;7;TST;01/21/86;07/31/59;5'8";WHT;BS;FSXA0;21/01/1986;31/07/1959;26,475
TAA0;M;3;TST;02/13/86;12/10/61;5'6";WHT;BS;MTAA0;13/02/1986;10/12/1961;24,175
TAB0;M;7;TRN;04/01/86;09/27/60;6'02";WHT;BS;MTAB0;01/04/1986;27/09/1960;25,5111111111111
TAJ0;F;6;TRN;02/20/86;05/30/60;5'5";WHT;BS;FTAJ0;20/02/1986;30/05/1960;25,7222222222222
TAS0;M;4;TRN;02/26/86;01/31/60;5'11";WHT;BS;MTAS0;26/02/1986;31/01/1960;26,0722222222222
TAS1;M;2;TST;03/12/86;04/22/57;5'11";WHT;HS;MTAS1;12/03/1986;22/04/1957;28,8888888888889
TAT0;M;5;TRN;01/21/86;08/08/50;6'3";WHT;BS;MTAT0;21/01/1986;08/08/1950;35,4527777777778
TAT1;M;2;TRN;02/28/86;05/20/62;6'0";WHT;BS;MTAT1;28/02/1986;20/05/1962;23,7722222222222
TBC0;M;2;TRN;01/29/86;10/19/59;6'6";WHT;BS;MTBC0;29/01/1986;19/10/1959;26,2777777777778
TBR0;F;1;TRN;03/26/86;09/11/61;5'04";WHT;HS;FTBR0;26/03/1986;11/09/1961;24,5416666666667
TBW0;F;5;TRN;02/21/86;07/27/63;5'9";WHT;HS;FTBW0;21/02/1986;27/07/1963;22,5666666666667
TCS0;M;8;TRN;02/21/86;02/19/57;5'8";???;HS;MTCS0;21/02/1986;19/02/1957;29,0055555555556
TDB0;M;2;TRN;02/27/86;07/07/56;6'2";WHT;??;MTDB0;27/02/1986;07/07/1956;29,6388888888889
TDP0;M;5;TRN;03/20/86;09/16/62;6'00";BLK;BS;MTDP0;20/03/1986;16/09/1962;23,5111111111111
TDT0;M;3;TST;04/11/86;11/29/55;5'9";WHT;BS;MTDT0;11/04/1986;29/11/1955;30,3666666666667
TEB0;M;4;TST;01/23/86;03/07/60;5'6";WHT;BS;MTEB0;23/01/1986;07/03/1960;25,8777777777778
TER0;M;7;TRN;01/27/86;08/29/46;5'9";WHT;MS;MTER0;27/01/1986;29/08/1946;39,4111111111111
THC0;M;3;TST;04/16/86;07/01/59;5'10";WHT;MS;MTHC0;16/04/1986;01/07/1959;26,7916666666667
TJG0;M;2;TRN;03/20/86;11/27/61;6'03";WHT;BS;MTJG0;20/03/1986;27/11/1961;24,3138888888889
TJM0;M;3;TRN;02/04/86;05/22/56;5'7";WHT;MS;MTJM0;04/02/1986;22/05/1956;29,7
TJS0;M;1;TRN;01/30/86;03/29/62;5'10";WHT;BS;MTJS0;30/01/1986;29/03/1962;23,8361111111111
TJU0;M;6;TRN;02/27/86;01/12/60;5'11";???;MS;MTJU0;27/02/1986;12/01/1960;26,125
TKD0;M;7;TRN;01/30/86;12/27/54;5'7";WHT;BS;MTKD0;30/01/1986;27/12/1954;31,0916666666667
TKP0;M;3;TRN;04/17/86;03/22/62;6'0";WHT;BS;MTKP0;17/04/1986;22/03/1962;24,0694444444444
TLB0;M;3;TRN;01/23/86;04/11/59;5'11";WHT;MS;MTLB0;23/01/1986;11/04/1959;26,7833333333333
TLC0;M;7;TRN;03/13/86;06/15/47;5'07";WHT;MS;MTLC0;13/03/1986;15/06/1947;38,7444444444444
TLG0;F;5;TRN;01/21/86;04/01/60;5'6";WHT;BS;FTLG0;21/01/1986;01/04/1960;25,8055555555556
TLH0;F;7;TST;04/16/86;04/11/55;5'11";WHT;BS;FTLH0;16/04/1986;11/04/1955;31,0138888888889
TLS0;M;4;TST;02/25/86;09/02/61;5'11";???;BS;MTLS0;25/02/1986;02/09/1961;24,4805555555556
TMG0;F;2;TRN;03/21/86;06/25/60;5'04";WHT;BS;FTMG0;21/03/1986;25/06/1960;25,7388888888889
TML0;M;7;TRN;05/01/86;12/01/61;6'0";WHT;BS;MTML0;01/05/1986;01/12/1961;24,4166666666667
TMN0;M;7;TRN;04/30/86;03/06/62;6'1";WHT;BS;MTMN0;30/04/1986;06/03/1962;24,15
TMR0;M;2;TST;02/17/86;05/02/56;5'10";WHT;AS;MTMR0;17/02/1986;02/05/1956;29,7916666666667
TMT0;M;5;TRN;01/22/86;03/19/57;5'10";WHT;MS;MTMT0;22/01/1986;19/03/1957;28,8416666666667
TPF0;M;1;TRN;02/05/86;09/02/59;5'9";WHT;MS;MTPF0;05/02/1986;02/09/1959;26,425
TPG0;M;3;TRN;02/26/86;11/04/57;5'10";WHT;BS;MTPG0;26/02/1986;04/11/1957;28,3111111111111
TPP0;M;3;TRN;03/19/86;01/25/43;6'01";WHT;BS;MTPP0;19/03/1986;25/01/1943;43,15
TPR0;M;7;TRN;04/07/86;09/06/52;5'10";WHT;BS;MTPR0;07/04/1986;06/09/1952;33,5861111111111
TQC0;M;4;TRN;03/06/86;08/09/55;5'11";WHT;AS;MTQC0;06/03/1986;09/08/1955;30,575
TRC0;M;4;TRN;04/11/86;12/18/62;6'1";WHT;AS;MTRC0;11/04/1986;18/12/1962;23,3138888888889
TRR0;M;1;TRN;03/25/86;07/18/60;5'11";WHT;AS;MTRR0;25/03/1986;18/07/1960;25,6861111111111
TRT0;M;4;TRN;02/04/86;08/12/58;6'4";WHT;MS;MTRT0;04/02/1986;12/08/1958;27,4777777777778
TWH0;M;7;TST;01/30/86;02/25/60;5'8";WHT;BS;MTWH0;30/01/1986;25/02/1960;25,9305555555556
TWH1;M;7;TRN;03/19/86;05/14/60;6'01";WHT;BS;MTWH1;19/03/1986;14/05/1960;25,8472222222222
TXS0;M;6;TRN;04/29/86;02/29/56;6'0";WHT;AS;MTXS0;29/04/1986;29/02/1956;30,1638888888889
UTB0;F;5;TST;01/31/86;09/22/60;5'10";BLK;HS;FUTB0;31/01/1986;22/09/1960;25,3583333333333
VFB0;F;1;TRN;04/18/86;04/14/62;5'2";WHT;BS;FVFB0;18/04/1986;14/04/1962;24,0111111111111
VJH0;M;3;TRN;03/26/86;06/03/40;5'07";WHT;PHD;MVJH0;26/03/1986;03/06/1940;45,8138888888889
VKB0;F;7;TRN;01/27/86;08/31/61;5'8";WHT;BS;FVKB0;27/01/1986;31/08/1961;24,4083333333333
VLO0;M;5;TRN;01/24/86;10/13/46;5'8";WHT;MS;MVLO0;24/01/1986;13/10/1946;39,2805555555556
VMH0;F;1;TRN;03/11/86;01/08/60;5'05";WHT;BS;FVMH0;11/03/1986;08/01/1960;26,175
VRW0;M;7;TRN;03/13/86;10/27/59;5'09";WHT;MS;MVRW0;13/03/1986;27/10/1959;26,3777777777778
WAC0;M;5;TRN;04/07/86;04/15/29;5'6";WHT;MS;MWAC0;07/04/1986;15/04/1929;56,9777777777778
WAD0;M;1;TRN;04/30/86;12/01/60;5'9";WHT;BS;MWAD0;30/04/1986;01/12/1960;25,4138888888889
WAR0;M;1;TRN;04/23/86;03/14/59;5'9";WHT;BS;MWAR0;23/04/1986;14/03/1959;27,1083333333333
WBT0;M;1;TST;03/26/86;05/24/34;6'00";WHT;BS;MWBT0;26/03/1986;24/05/1934;51,8388888888889
WCH0;M;5;TRN;04/11/86;07/16/60;5'10";WHT;AS;MWCH0;11/04/1986;16/07/1960;25,7361111111111
WDK0;M;3;TRN;03/05/86;11/13/56;6'2";WHT;BS;MWDK0;05/03/1986;13/11/1956;29,3111111111111
WEM0;M;5;TRN;02/19/86;02/02/57;5'2";BLK;BS;MWEM0;19/02/1986;02/02/1957;29,0472222222222
WEW0;M;2;TST;02/25/86;09/29/58;6'0";WHT;BS;MWEW0;25/02/1986;29/09/1958;27,4055555555556
WGR0;M;3;TRN;04/09/86;08/30/61;6'3";WHT;MS;MWGR0;09/04/1986;30/08/1961;24,6083333333333
WJG0;M;3;TST;01/22/86;12/23/52;6'0";WHT;MS;MWJG0;22/01/1986;23/12/1952;33,0805555555556
WRE0;M;7;TRN;04/29/86;09/25/51;5'9";WHT;BS;MWRE0;29/04/1986;25/09/1951;34,5944444444444
WRP0;M;7;TRN;03/06/86;10/11/50;5'08";WHT;MS;MWRP0;06/03/1986;11/10/1950;35,4027777777778
WSB0;M;2;TRN;04/11/86;07/31/59;5'8";WHT;BS;MWSB0;11/04/1986;31/07/1959;26,6972222222222
WSH0;M;5;TRN;03/04/86;06/01/63;6'0";WHT;BS;MWSH0;04/03/1986;01/06/1963;22,7583333333333
WVW0;M;2;TST;03/13/86;02/22/62;5'04";WHT;BS;MWVW0;13/03/1986;22/02/1962;24,0583333333333
ZMB0;M;2;TRN;01/28/86;08/31/60;5'10";???;BS;MZMB0;28/01/1986;31/08/1960;25,4111111111111
